Model,R²,MAE,RMSE
Manual Linear Regression,0.8167458797695768,0.258961658306726,0.40585533743535823
Linear Regression (Pipeline 1),0.8167458797695767,0.2589616583067267,0.40585533743535834
Polynomial Regression (Pipeline 2),0.8557958609263502,0.20816791974679077,0.3600254905701588
